event_id,date,status,severity,scope,summary,evidence,disposition
HLA-A0001,2026-08-20,closed,P2,authority,"Exact official edition, source closure, build, and license route were initially unbound","AUTHORITY.md","Bound official commit/tree, complete reader closure, CC BY-SA 2.5 route, and build boundary"
HLA-A0002,2026-08-20,accepted,P3,authority,"GitLab generated different ZIP bytes for the same exact commit across two official routes","AUTHORITY.md","Use commit/tree/per-file hashes as canonical; retain archive hashes only as retrieval receipts"
HLA-A0003,2026-08-20,open,P2,rights,"Embedded asy-graphtheory subtree has no license file in the pinned snapshot","AUTHORITY.md","Track separately and prove use/rights or omit from the distributable closure; do not flatten under core-text license"
HLA-A0004,2026-08-20,accepted,P3,build,"MiKTeX rejected expansion of non-scalable fonts during the first bounded smoke build","qa/build-smoke-20260820/book.log","Disable microtype expansion for the bounded diagnostic; select and document a durable build adaptation later"
HLA-A0005,2026-08-20,open,P2,build,"Bounded PDF smoke build stops at missing generated MetaPost asset gr/mp/ch1.1","qa/build-smoke-20260820/book.log","Upstream generation dependency, not translated syntax failure; reconstruct only at a proportional build boundary"
HLA-A0006,2026-08-20,open,P2,layout,"Translated notation list produces an 83.26 pt overfull hbox","qa/build-smoke-20260820/book.log","Reflow the notation surface during frontmatter visual QA without changing mathematical content"
HLA-A0007,2026-08-20,corrected_in_target,P1,source_math,"Worked reduction writes -2y-1=-5 and (3/2)z=7/2 although the prior row is -2y-z=-5; the stated solution requires (3/2)z=9/2","src/gr/gr1.tex authority lines 998-1005","Retain -z and correct 7/2 to 9/2 in the Indonesian target; formulas independently replayed"
HLA-A0008,2026-08-20,corrected_in_target,P1,source_logic,"Non-derivability answer cites a point satisfying the proposed equation but not the source system, which does not prove the claim","src/gr/gr1.tex authority lines 1366-1371","Use the source system solution (3/4,7/4), for which 5x-3y=-3/2 rather than 2"
HLA-A0009,2026-08-20,corrected_in_target,P2,source_math,"Degenerate a=c=0 case incorrectly equates nonmultiplicity of two y-equations with inconsistency","src/gr/gr1.tex authority lines 1478-1482","Classify by consistency of the y-constraints; if consistent x is free, hence infinitely many solutions"
HLA-A0010,2026-08-20,corrected_in_target,P2,source_math,"Reversibility answer omits x_1 through x_n from the transformed row equation","src/gr/gr1.tex authority line 1662","Restore (ka_i+a_j)x terms while preserving the intended row-combination proof"
HLA-A0011,2026-08-20,corrected_in_target,P2,source_logic,"Reversibility parenthetical calls i=j the required condition although the operation requires i not equal to j","src/gr/gr1.tex authority lines 1668-1683","Use i not equal to j and retain the counterexample showing failure without it"
HLA-A0012,2026-08-20,corrected_in_target,P2,source_logic,"Gauss-proof answer says the two d_i values are not equal when i=j; the actual failure is loss of the separate unchanged source row","src/gr/gr1.tex authority lines 1593-1595","State the correct reason in Indonesian and retain all surrounding equations"
HLA-A0013,2026-08-20,corrected_in_target,P2,source_math,"Worked answer's initial augmented matrix gives the second equation constant as 3 although the exercise and every subsequent reduction row require -3","src/gr/gr1.tex authority line 2907","Change only that augmented-matrix entry to -3 in the Indonesian target; the resulting reduction and stated solution set replay exactly"
HLA-A0014,2026-08-20,corrected_in_target,P2,source_math,"Vector-form solution omits the plus sign before the free-parameter w vector, making the displayed expression malformed","src/gr/gr1.tex authority line 2949","Insert the missing plus sign in the Indonesian target; the two-parameter solution then satisfies both source equations"
HLA-A0015,2026-08-20,corrected_in_target,P1,source_math,"Farmer exercise takes a=20000/38 and c=0 but reports s=7360/38 approximately 193.68; this violates both the acreage and seed-cost equations","src/gr/gr1.tex authority lines 3071-3072","Use s=25600/38 approximately 673.68 in the Indonesian target; with a=20000/38 the three acreages sum to 1200 and the seed cost is 40000"
HLA-A0016,2026-08-20,corrected_in_target,P2,source_consistency,"Arbuzoid puzzle prose assigns 15 blue and 17 green, while the immediately following R-G-B table, initial vector (13,15,17), and all three target equations assign 15 green and 17 blue","src/gr/gr1.tex authority lines 3321-3358","Make the Indonesian prose agree with the table and equations: 13 red, 15 green, 17 blue; localize the table initials consistently as M-H-B without changing vector coordinate order"
HLA-A0017,2026-08-20,corrected_in_target,P3,source_text,"Olympiad answer says 'Here, is a^2-1 not equal to 0' where the conditional conjunction is plainly mistyped","src/gr/gr1.tex authority line 3442","Render the intended conditional as 'Jika a^2-1 tidak sama dengan 0' in the Indonesian target; formulas and case classification remain unchanged"
HLA-A0018,2026-08-20,corrected_in_target,P1,source_math,"Gold-sphere puzzle states an air mass of 7588 g and submerged-water mass of 6588 g but the answer's mass equation uses 7558; the 1000 cm^3 displacement and both worked compositions require 7588","src/gr/gr1.tex authority lines 3463-3469 and 3492-3507","Change only the answer equation's right side from 7558 to 7588 in the Indonesian target; this matches every stated measurement and the worked volumes"
HLA-A0019,2026-08-20,corrected_in_target,P1,source_math,"Gold-sphere table gives silver relative density 10.8 while the answer equation uses 10.5 and its five-metal numerical example evaluates to 7588 g only with 10.5","src/gr/gr1.tex authority lines 3472-3480 and 3492-3507","Use 10.5 for silver in the Indonesian table, preserving the answer equation and making the supplied composition internally consistent"
HLA-A0020,2026-08-20,corrected_in_target,P2,source_math,"Induction walk-through writes the bottom row's leading term as a_{m,l_m}x_m even though the leading variable is x_{l_m}; in the concrete row m=3 and l_m=4, so x_m would be x_3 rather than x_4","src/gr/gr1.tex authority line 3753","Use a_{m,l_m}x_{l_m}=a_{3,4}x_4 in the Indonesian target; the notation and subsequent substitution then agree"
HLA-A0021,2026-08-20,corrected_in_target,P2,source_completeness,"The farmer exercise asks which of two feasible plans gives greater revenue, but the worked answer only instructs the reader to substitute and never performs the requested comparison","src/gr/gr1.tex authority lines 3073-3074","Evaluate both plans: 680000/3 dollars versus 4640000/19 dollars, so the second plan gives greater revenue"
HLA-A0022,2026-08-20,corrected_in_target,P3,source_precision,"The gold-sphere answer prints rounded one-decimal metal volumes as exact quantities","src/gr/gr1.tex authority lines 3503-3507","Mark the displayed one-decimal compositions as approximate in the Indonesian prose"
HLA-A0023,2026-08-20,corrected_in_target,P1,source_math,"A displayed coefficient matrix for ex:HomoZeroOnlySol gives its second row as (6,-4,0), while the cited system has 6x+4y+0z=0 and its shown reduction relies on +4","src/gr/gr1.tex authority lines 4275-4279 compared with lines 3658-3675","Change only the matrix entry -4 to +4 in the Indonesian target so the matrix actually represents the cited homogeneous system"
HLA-A0024,2026-08-20,corrected_in_target,P1,source_math,"The first worked exercise's augmented matrix writes the second equation constant as +3 although the stated system has x-y=-3 and every subsequent reduction requires -3","src/gr/gr1.tex authority lines 4371-4399","Change only the initial augmented-matrix constant to -3 in the Indonesian target; the shown reduction and solution set then agree"
HLA-A0025,2026-08-20,corrected_in_target,P3,source_text,"The second example introducing the empty general-solution case ends its setup with the incomplete sentence 'This system illustrates.'","src/gr/gr1.tex authority lines 4047-4052","Render the intended reference naturally as 'Sistem berikut mengilustrasikannya' in the Indonesian target"
HLA-A0026,2026-08-20,corrected_in_target,P3,source_text,"The first set-comparison example repeats 'such that' on consecutive lines","src/gr/gr1.tex authority lines 5135-5138","Render the condition once in natural Indonesian"
HLA-A0027,2026-08-20,corrected_in_target,P1,source_math,"The second set-comparison example's final reduced equation is printed as 0=m+(1/2)n, but eliminating y gives 0=-m+(1/2)n; the prose repeats the wrong sign","src/gr/gr1.tex authority lines 5264-5293","Use 0=-m+(1/2)n in both the reduced system and the Indonesian explanation; the supplied witness (0,1,0) remains in R but not P"
HLA-A0028,2026-08-20,corrected_in_target,P1,source_math,"An answer says to triple the vector (2,-5) but prints the generator (6,-55); scalar multiplication gives (6,-15)","src/gr/gr1.tex authority lines 5331-5343","Use (6,-15) in the Indonesian target; this preserves the requested description of the same one-dimensional set"
HLA-A0029,2026-08-20,corrected_in_target,P2,source_math,"In the opening set-comparison example, the first coordinate 2w=4 gives w=2, but the source prose says w=4/5","src/gr/gr1.tex authority lines 5080-5086","Use w=2 in the Indonesian explanation; the third coordinate then correctly demonstrates that the vector is not in the set"
HLA-A0030,2026-08-20,corrected_in_target,P1,source_math,"The first mutual-inclusion example sets c=2 and d=-1 but prints (c+d,-c+d,0) as (3,-3,0) and repeats 3 as the first system right-hand side; c+d is 1","src/gr/gr1.tex authority lines 5134-5149","Use (1,-3,0) and first right-hand side 1 in the Indonesian target"
HLA-A0031,2026-08-20,corrected_in_target,P1,source_math,"Set-membership exercise 1(e) is keyed Yes with k=4,m=-3, but those coefficients produce (11,8,14), not (1,4,14); the first two coordinates force k=2,m=3 and then the third is 16","src/gr/gr1.tex authority lines 5314-5328","Key the answer Tidak and show the contradictory third coordinate"
HLA-A0032,2026-08-20,corrected_in_target,P2,source_math,"The four-variable system reduction changes the third row to rho_3-rho_1 but labels the operation -rho_1+rho_2","src/gr/gr1.tex authority lines 5362-5384","Correct the displayed row-operation label to -rho_1+rho_3; the resulting rows and final solution remain unchanged"
HLA-A0033,2026-08-20,corrected_in_target,P1,source_math,"A Gaussian-reduction display applies rho_3-3rho_2 but leaves the third-row second entry as 3; it must become 0 while the augmented expression becomes -t","src/gr/gr1.tex authority lines 5642-5659","Change only the resulting matrix entry 3 to 0 in the Indonesian target"
HLA-A0034,2026-08-20,corrected_in_target,P2,source_proof,"The Triangle Inequality proof says all quantities being squared are positive, but vector lengths and their sum can be zero; the equivalence under squaring requires only nonnegativity","src/gr/gr2.tex authority Triangle Inequality proof before the first align display","Use tidak negatif in the Indonesian proof; the algebra and equality case remain unchanged"
HLA-A0035,2026-08-20,corrected_in_target,P1,source_math,"The angle corollary says vectors are parallel iff their dot product equals the product of their lengths, excluding oppositely directed scalar multiples under the ordinary meaning of parallel","src/gr/gr2.tex authority corollary co:VectorsOrthogonalIffDoTProductZero","State that equality without absolute value characterizes the same direction, and that parallel vectors satisfy absolute dot product equal to the product of lengths"
HLA-A0036,2026-08-20,corrected_in_target,P1,source_math,"The geometric summary says the solution set of every linear system is a linear surface and a translate of its homogeneous solution set, omitting inconsistent systems whose solution set is empty","src/gr/gr2.tex authority Vectors in Space closing summary","Restrict the affine-translate statements to consistent systems and explicitly identify the inconsistent case as the empty set"
HLA-A0037,2026-08-20,corrected_in_target,P1,source_math,"The source calls a set generated by k direction vectors k-dimensional whenever k<=n, although dependent direction vectors can generate a lower-dimensional surface; its own next example exhibits this","src/gr/gr2.tex authority definition and degenerate-plane example in Vectors in Space","Require linearly independent direction vectors for dimension k and otherwise identify the actual dimension with the dimension of their span"
HLA-A0038,2026-08-20,corrected_in_target,P2,source_definition,"The opening geometric description defines a vector solely as an object with magnitude and direction, which excludes the zero vector because its direction is undefined","src/gr/gr2.tex authority Vectors in Space opening vector definition","Qualify the magnitude-and-direction description as applying to nonzero vectors and define the zero vector componentwise with magnitude zero and undefined direction"
HLA-A0039,2026-08-20,corrected_in_target,P2,source_math,"The source says every two-unknown linear equation is a line and every one-equation solution set is a hyperplane; both fail when all variable coefficients are zero","src/gr/gr2.tex authority Linear Geometry opening and Vectors in Space closing summary","Add the nonzero-coefficient condition to both geometric claims"
HLA-A0040,2026-08-20,corrected_in_target,P1,source_math,"The scalar-multiple length exercise omits a closing parenthesis in the square-root expression and says that for negative r the new vector is r times as long, even though length scales by the nonnegative factor |r|","src/gr/gr2.tex authority Length and Angle Measures exercise on the length and direction of r times v","Close the square-root expression and state that the length is |r| times the original length; preserve the source's direction cases"
HLA-A0041,2026-08-20,corrected_in_target,P3,source_comment,"An inactive source comment describes the illustrated plane as 2x+3y-z=4, contradicting both the active equation 2x+y+z=4 and its vector parameterization","src/gr/gr2.tex authority inactive comment immediately before the first plane illustration","Correct the inactive target comment to 2x+y+z=4 so machine-readable source commentary agrees with the active mathematics"
HLA-A0042,2026-08-20,corrected_in_target,P1,source_math,"The equal-slope display for two line segments uses d_1-a_1 in the second denominator, mixing endpoints from different segments","src/gr/gr2.tex authority Length and Angle Measures exercise comparing line-segment lengths and slopes","Use d_1-c_1 in the second slope denominator"
HLA-A0043,2026-08-20,corrected_in_target,P1,source_logic,"The answer claims that equal length and slope force the two ordered endpoint-difference vectors to be equal, but reversing the endpoints of one segment preserves the geometric segment, length, and slope while negating both differences","src/gr/gr2.tex authority Length and Angle Measures exercise asking whether equality of endpoint differences is necessary","Answer no for the given endpoint order; state that the difference vectors agree only up to a common sign, and explain that equality follows after orienting both nonvertical segments with increasing first coordinate"
HLA-A0044,2026-08-20,corrected_in_target,P2,source_answer,"An exercise explicitly asks for an example in R^2 of equal-length vectors whose sum and difference are perpendicular, but the supplied answer proves the equivalence without giving any example","src/gr/gr2.tex authority Length and Angle Measures exercise on equal norms and perpendicular sum/difference","Add the minimal example u=(1,0), v=(0,1), for which (1,1) dot (1,-1)=0"
HLA-A0045,2026-08-20,corrected_in_target,P2,source_terminology,"An exercise calls the implication perpendicular vectors imply the Pythagorean norm identity the converse of the Pythagorean Theorem, although that implication is the theorem's direct vector form; the converse has the implication reversed","src/gr/gr2.tex authority Length and Angle Measures exercise generalizing the Pythagorean identity","Remove the word converse while retaining and proving the stated implication"
HLA-A0046,2026-08-20,corrected_in_target,P1,source_math,"The angle-bisector exercise includes opposite nonzero vectors, whose normalized sum is the zero vector, and the answer calls that case easy even though the zero vector has no direction and cannot determine an angle bisector","src/gr/gr2.tex authority Length and Angle Measures angle-bisector exercise and answer","Exclude oppositely directed vectors, require the equal-length sum to be nonzero in the generalized proof, and explain why the zero-sum case is undefined"
HLA-A0047,2026-08-20,corrected_in_target,P1,source_math,"The scale-invariance computation defines the second vector with components v_i but uses undefined b_i terms in its norm denominator","src/gr/gr2.tex authority Length and Angle Measures exercise verifying angle behavior under scalar multiplication","Replace b_1 through b_n by v_1 through v_n in the denominator"
HLA-A0048,2026-08-20,corrected_in_target,P2,source_domain,"The apparent-wind answer divides by 1-(a dot b)^2 without stating that the two unit apparent-wind directions must be nonparallel; for parallel directions the denominator vanishes and the given direction data do not determine a unique wind vector","src/gr/gr2.tex authority Length and Angle Measures ship-and-wind puzzle","State the nonparallel condition for the displayed formula and note the loss of uniqueness in the parallel case"
HLA-A0049,2026-08-20,corrected_in_target,P2,source_proof,"The Lagrange-identity exercise says the final sum-of-squares term is positive, but it may be zero; the Cauchy-Schwarz deduction requires only nonnegativity","src/gr/gr2.tex authority Length and Angle Measures final exercise","Use nonnegative rather than positive"
HLA-A0050,2026-08-20,corrected_in_target,P2,source_answer,"The Lagrange-identity exercise asks for a geometric interpretation of the Cauchy-Schwarz gap in R^2, but the supplied answer proves only the algebraic identity and never gives the requested interpretation","src/gr/gr2.tex authority Length and Angle Measures final exercise and answer","State that the gap is (a_1 b_2-a_2 b_1)^2, the squared area of the parallelogram spanned by the two vectors"
HLA-A0051,2026-08-20,corrected_in_target,P3,source_proof,"After giving n=1 as the induction base, the Lagrange-identity proof says to assume cases 0 through n rather than the relevant cases 1 through n","src/gr/gr2.tex authority Length and Angle Measures final exercise answer","State the induction hypothesis for cases 1 through n"
HLA-A0052,2026-08-20,corrected_in_target,P1,source_math,"A Gauss-Jordan solution scales the third row by -1/8 but labels the simultaneous operation as -(1/8)rho_2, which would instead overwrite the second row and cannot produce the displayed matrix","src/gr/gr3.tex authority first Gauss-Jordan exercise answer part d","Change only the operation label from rho_2 to rho_3"
HLA-A0053,2026-08-20,corrected_in_target,P3,source_notation,"The induction proof treats matrix rows as vectors and consistently writes beta and gamma with vector arrows except in its final row-combination formula, where both gamma terms lose their arrows","src/gr/gr3.tex authority Linear Combination Lemma corollary proof","Restore vector arrows on both gamma row vectors"
HLA-A0054,2026-08-20,corrected_in_target,P1,source_domain,"The corollary characterizes same direction and parallelism by dot-product equalities without excluding the zero vector; those equalities hold for zero although its direction is undefined","src/gr/gr2.tex authority angle corollary co:VectorsOrthogonalIffDoTProductZero","Qualify the same-direction and parallel equivalences as applying to two nonzero vectors"
HLA-A0055,2026-08-20,corrected_in_target,P2,source_answer,"The Cauchy-Schwarz equality-condition answer does not explicitly close the zero-vector case and proves only equality implies scalar dependence in the negative-dot-product case, omitting the converse","src/gr/gr2.tex authority exercise exer:EqOfCauchySchwarz answer part b","Handle the zero case explicitly and add the direct calculation proving every scalar-multiple pair attains equality"
HLA-A0056,2026-08-20,corrected_in_target,P2,source_domain,"The scalar-length answer says a negative multiple has opposite direction without excluding the zero vector, whose direction is undefined","src/gr/gr2.tex authority Length and Angle Measures exercise on r times v","State the opposite-direction conclusion only for nonzero v and separately identify the zero case"
HLA-A0057,2026-08-20,corrected_in_target,P2,target_translation,"The first Indonesian rendering of the line-segment correction said the endpoint order was preserved, contradicting both the reversed-endpoint counterexample and the intended unoriented-segment condition","src/gr/gr2.tex Indonesian line-segment answer for A0043","Say that the segment is viewed without orientation so endpoint order may be reversed"
HLA-A0058,2026-08-20,corrected_in_target,P1,source_math,"The exercise asks for the ratio of the two Cauchy-Schwarz sides but divides by the vector-length product without requiring nonzero vectors, and its display omits the absolute value present on the inequality's dot-product side","src/gr/gr2.tex authority Cauchy-Schwarz ratio exercise","Require two nonzero vectors and display |u dot v|/(|u||v|)=|cos theta|"
HLA-A0059,2026-08-20,corrected_in_target,P2,source_proof,"The angle scale-invariance proof divides by both vector lengths without separating the zero-vector cases admitted by the book's right-angle convention","src/gr/gr2.tex authority exercise verifying angle behavior under scalar multiplication","Dispatch the zero-vector cases under the stated convention before performing the nonzero-vector division"
HLA-A0060,2026-08-20,corrected_in_target,P2,source_executability,"The birthday brute-force listing is described as Python but uses Python-2 print statements that fail under current Python and Sage runtimes","src/gr/gr2.tex authority vectologer puzzle Python listing","Convert only the print statements to Python 3 function syntax while preserving the algorithm and localized output"
HLA-A0061,2026-08-20,corrected_in_target,P2,source_answer,"The Lagrange-identity answer calls (a_1 b_2-a_2 b_1)^2 the direct difference between the Cauchy-Schwarz sides, but it is the difference between their squares","src/gr/gr2.tex authority final Length and Angle Measures answer","State explicitly that this is the right-side square minus the left-side square"
HLA-A0062,2026-08-20,corrected_in_target,P3,source_notation,"The Cauchy-Schwarz equality answer introduces v and an unused w before defining u=k v; w plays no role and obscures the quantified variables","src/gr/gr2.tex authority answer to exer:EqOfCauchySchwarz part a","Quantify only k and v before defining u=k v"
HLA-A0063,2026-08-20,corrected_in_target,P2,source_answer,"The row-equivalence classification answer points to a list of possible reduced echelon forms but does not explicitly state which of the six matrices share a class","src/gr/gr3.tex authority exercise classifying six displayed matrices","Add the determined conclusion that a c d and e share one class while b and f each represent a distinct class"
HLA-A0064,2026-08-20,corrected_in_target,P1,source_math,"After correctly solving x=4/5 and y=7/5 the answer reverses the ordered pair to (7/5,4/5), so its proposed test point is not the system solution","src/gr/gr3.tex authority Linear Combination Lemma exercise on equations implied by a system","Use the ordered solution pair (4/5,7/5)"
HLA-A0065,2026-08-20,corrected_in_target,P1,source_math,"The answer claims every equation follows from an inconsistent system and multiplies a row by the variable x; row scaling requires a fixed nonzero scalar and inconsistency alone cannot create arbitrary coefficient vectors","src/gr/gr3.tex authority Linear Combination Lemma exercise on inconsistent systems","Answer not always; explain the coefficient-row-span condition and use the system 0=5 as a counterexample to deriving 3x+2y=4"
HLA-A0066,2026-08-20,corrected_in_target,P1,source_math,"The verification of vector-space axiom 10 for the full 2 by 2 matrix space displays 1A as a matrix with entries sa sb sc sd, introducing an undefined scalar s instead of returning A","src/vs/vs1.tex authority first matrix-space exercise answer","Replace the final matrix by the original entries a b c d"
HLA-A0067,2026-08-20,corrected_in_target,P1,source_notation,"The closure calculation for 2 by 2 matrices whose 2,1 entry is zero places the sum matrix immediately after the addends without an equality sign","src/vs/vs1.tex authority second matrix-space exercise answer","Insert the missing equality sign before the resulting matrix"
HLA-A0068,2026-08-20,corrected_in_target,P2,source_answer,"The answer to the exercise demanding distinct symbols for vector addition and scalar multiplication reverts to ordinary plus and dot symbols in axioms 6 through 8 and contains an unmatched closing parenthesis","src/vs/vs1.tex authority exercise restating the vector-space definition with decorated operation symbols","Use the requested decorated operations consistently in axioms 1 through 10 and remove the unmatched parenthesis"
HLA-A0069,2026-08-20,corrected_in_target,P1,source_answer,"The three-dimensional superhero answer proves the three device vectors reach every (x,y,z) but concludes that they span the plane, contradicting both the ambient space and its own calculation","src/vs/vs1.tex authority spanning-set superhero exercise part c","Conclude that the devices span the entire three-dimensional space and normalize the displayed 3x+-6y+z to 3x-6y+z"
HLA-A0070,2026-08-20,corrected_in_target,P3,source_typo,"The row-equivalence classification answer misspells nonsingular as nonsinglar","src/gr/gr3.tex authority exercise classifying row-equivalence classes of 2 by 2 matrices","Use the correctly spelled Indonesian technical loanword nonsingular"
HLA-A0071,2026-08-20,corrected_in_target,P2,source_cross_reference,"The binary-field answer identifies addition as vector-space condition (2), but addition is condition (1)","src/vs/fields.tex authority binary-field exercise answer","Refer to condition (1)"
HLA-A0072,2026-08-20,corrected_in_target,P1,source_math,"The proof that span(span(S)) is contained in span(S) misindexes every coefficient and vector in its m-th inner combination as c_{1,m} and s_{1,m}","src/vs/vs1.tex authority exercise proving span(span(S))=span(S)","Use c_{m,1},s_{m,1} through c_{m,n_m},s_{m,n_m} for the m-th combination"
HLA-A0073,2026-08-20,corrected_in_target,P1,source_proof,"The iff exercise assumes v is in S even though the forward premise is that v is in span(S), leaving the claimed direction unproved","src/vs/vs1.tex authority exercise on adjoining a vector without enlarging a span","Assume v is in span(S) for the forward direction and state the reverse direction explicitly"
HLA-A0074,2026-08-20,corrected_in_target,P2,source_notation,"The intersection-of-subspaces proof declares w and s but then forms combinations of an undefined v and w","src/vs/vs1.tex authority exercise on intersection and union of subspaces","Declare the two vectors actually used, v and w"
HLA-A0075,2026-08-20,corrected_in_target,P2,source_example,"The union-of-axes counterexample sets the ambient space to R3 but displays two-component vectors","src/vs/vs1.tex authority exercise on union of subspaces","Retain R3 and display both axis vectors with three components"
HLA-A0076,2026-08-20,corrected_in_target,P1,source_math,"The answer claims span(S union T)=span(S) union span(T) iff the raw sets S and T are nested, but equality depends on whether their spans are nested","src/vs/vs1.tex authority exercise on span and set operations","State the correct nested-span condition and prove necessity by subtraction"
HLA-A0077,2026-08-20,corrected_in_target,P1,source_units,"The crystal-grid estimate converts 3.34 Angstrom to 3.34 times 10^-10 centimeters instead of 3.34 times 10^-8 centimeters, inflating the count by a factor of 100","src/vs/crystal.tex authority first exercise answer","Use 3.34 times 10^-8 cm and approximately 2.99 times 10^6 or three million regions"
HLA-A0078,2026-08-20,corrected_in_target,P1,source_math,"The graphite coordinate calculation states c1 approximately 2.74 and then reverses the two coefficients in the displayed displacement","src/vs/crystal.tex authority graphite exercise answer","Use c1 approximately 2.72 and c2 approximately 2.55 in the matching order"
HLA-A0079,2026-08-20,corrected_in_target,P1,source_notation,"The platinum atom-mass expression lacks denominator grouping and therefore conventionally denotes multiplication by 10^23 despite giving a 10^-22 result","src/vs/crystal.tex authority platinum exercise answer","Write 195.08 divided by the grouped quantity 6.022 times 10^23"
HLA-A0080,2026-08-20,corrected_in_target,P2,source_notation,"A corollary removes v from S using set notation around the scalar v rather than the vector v","src/vs/vs2.tex authority corollary on removing a dependent vector","Use S minus the singleton containing vector v"
HLA-A0081,2026-08-20,corrected_in_target,P2,source_notation,"A dependence proof inconsistently writes malformed vector subscripts such as vec{s_i} and vec{s_1}","src/vs/vs2.tex authority proof on dependent sets and spans","Use consistently subscripted vectors vec{s}_i and vec{s}_1"
HLA-A0082,2026-08-20,corrected_in_target,P2,source_notation,"An answer names sets S and T but later claims dependence for the undefined union S_1 union S_2","src/vs/vs2.tex authority exercise on unions of dependent sets","Use the declared union S union T"
HLA-A0083,2026-08-20,corrected_in_target,P2,source_logic,"The three directions in the answer characterizing when a union of independent sets is independent are mislabeled if and only-if","src/vs/vs2.tex authority exercise on unions of independent sets","Label each proof direction according to the actual implication proved"
HLA-A0084,2026-08-20,corrected_in_target,P3,source_cross_reference,"A referenced result is a corollary but is invoked with the theorem cross-reference wrapper","src/vs/vs2.tex authority reference to cor:LDMeansLC","Use the corollary cross-reference wrapper"
HLA-A0085,2026-08-20,corrected_in_target,P1,source_math,"The 2 by 2 independence calculation divides (-cb+ad) by d although solving the first equation requires division by a and then concludes only that a solution exists rather than that it is trivial","src/vs/vs2.tex authority exercise characterizing independent matrix rows","Use denominator a and conclude that only the trivial solution exists under the stated nonzero determinant condition"
HLA-A0086,2026-08-20,corrected_in_target,P1,source_math,"The 3 by 3 determinant-style independence proof uses the wrong sign in its clearing row operation and reverses nonsingularity tests by requiring determinant expressions to equal zero","src/vs/vs2.tex authority exercise characterizing independent rows of a 3 by 3 matrix","Correct the row-operation sign and require the relevant determinant expressions to be nonzero"
HLA-A0087,2026-08-20,corrected_in_target,P1,source_math,"The criterion for two vectors in R3 writes three pairwise minors equal to one another rather than requiring each minor to equal zero","src/vs/vs2.tex authority exercise characterizing dependence of two vectors in R3","State ae-bd=ah-gb=dh-ge=0"
HLA-A0088,2026-08-20,corrected_in_target,P1,source_math,"The necessary-and-sufficient voting-cycle answer uses strict triangle inequalities even though the chapter explicitly counts zero group totals as a majority cycle","src/vs/voting.tex authority answer to exercise exer:VoterCondNotSuff part c","Replace all three strict bounds by non-strict inequalities so equality cases remain included"
HLA-A0089,2026-08-20,corrected_in_target,P3,source_typo,"The prose describing the necessary condition says all three spin instead of all three spins","src/vs/voting.tex authority paragraph following the voting-cycle theorem","Use natural Indonesian plural phrasing for the three spins"
HLA-A0090,2026-08-20,corrected_in_target,P3,source_typo,"An answer refers to the singular quoted requirement as the criteria in the question","src/vs/voting.tex authority answer to exercise exer:VoterCondNotSuff part a","Use the grammatically natural singular Indonesian term kriteria"
HLA-A0091,2026-08-20,corrected_in_target,P3,source_typo,"An exercise forms the plural of zero with an apostrophe as zero's","src/vs/voting.tex authority exercise on two-voter majority cycles","Render the phrase naturally as nilai nol"
HLA-A0092,2026-08-20,corrected_in_target,P3,source_typo,"The final exercise omits the article in is also subspace of R3","src/vs/voting.tex authority exercise exer:PerpIsSubSp","Render the statement naturally as juga merupakan subruang dari R3"
HLA-A0093,2026-08-20,corrected_in_target,P1,source_math,"The pendulum dimensionless-product family changes the declared gravitational-acceleration variable from g to an undefined a in the exponentiated product","src/vs/dimen.tex authority paragraph immediately after the pendulum solution set","Use g^{p_4}, consistently with the quantity table, dimensional equation, solution, and resulting Pi product"
HLA-A0094,2026-08-20,corrected_in_target,P2,source_attribution,"The historical wave-analysis example misspells Lord Rayleigh's surname as Raleigh","src/vs/dimen.tex authority introduction to the deep-water wave example","Use Lord Rayleigh"
HLA-A0095,2026-08-20,corrected_in_target,P3,source_typo,"The orbital-period example says a relationship is stateable this form, omitting the preposition in","src/vs/dimen.tex authority sentence introducing the orbital-period formula","Render naturally as dapat dinyatakan dalam bentuk berikut"
HLA-A0096,2026-08-20,corrected_in_target,P3,source_typo,"The vector-space exercise says raising such the product instead of raising such a product","src/vs/dimen.tex authority exercise exer:DimLessProdsVecSp","Render naturally as pemangkatan hasil kali tersebut"
HLA-A0097,2026-08-20,corrected_in_target,P3,source_typo,"The final answer duplicates the article in relating the the length of arc","src/vs/dimen.tex authority answer to exercise exer:AppsAndOranges part c","Render naturally with a single Indonesian noun phrase for the arc length"
HLA-A0098,2026-08-20,corrected_in_target,P1,source_code,"A stray semicolon terminates the partial-pivoting if statement so max is reassigned on every iteration regardless of the comparison","src/gr/ppivot.tex authority second C listing","Remove the semicolon after the if condition so the guarded assignment implements the described maximum search"
HLA-A0099,2026-08-20,corrected_in_target,P3,source_index,"The partial-pivoting definition is indexed under pivoting full","src/gr/ppivot.tex authority definition of partial pivoting","Index the passage under pemivotan parsial"
HLA-A0100,2026-08-20,corrected_in_target,P1,source_math,"The first exercise says two decimal places although its answer uses significant-digit arithmetic and writes 253 rounded to two significant digits as 0.25 times 10^2 instead of 0.25 times 10^3","src/gr/ppivot.tex authority first exercise and answer","State the two-significant-digit restriction and use 0.25 times 10^3 on both sides of the displayed sum"
HLA-A0101,2026-08-20,corrected_in_target,P3,source_typo,"The final exercise answer misspells number as numbe","src/gr/ppivot.tex authority final exercise answer introduction","Render the phrase naturally as jumlah digit"
HLA-A0102,2026-08-20,corrected_in_target,P1,source_math,"The initial two-digit augmented matrix changes the leading coefficients of the second and third equations from 2 and 1 to 1 and 3","src/gr/ppivot.tex authority final exercise answer initial augmented matrix","Use 0.20 times 10^1 and 0.10 times 10^1 as the second- and third-row leading entries"
HLA-A0103,2026-08-20,corrected_in_target,P1,source_math,"The last reduced row is off by a factor of ten in both its nonzero coefficient and constant relative to the preceding row operation","src/gr/ppivot.tex authority final exercise answer last augmented matrix","Use 0.15 times 10^-1 and 0.31 times 10^-1"
HLA-A0104,2026-08-20,corrected_in_target,P1,source_math,"The stated final values y=2.6 and x=-0.43 do not follow from the displayed reduced system; back-substitution after z=2.1 gives y about 0.46 and x about 0.99","src/gr/ppivot.tex authority final exercise answer stated two-digit solution","Use z=2.1, y=0.46, and x=0.99"
HLA-A0105,2026-08-20,corrected_in_target,P2,source_attribution,"The text repeatedly misspells Kirchhoff's surname as Kirchoff despite spelling it correctly elsewhere","src/gr/network.tex authority statements and applications of Kirchhoff's laws","Use Kirchhoff consistently"
HLA-A0106,2026-08-20,corrected_in_target,P3,source_typo,"The parallel-network analysis uses the ungrammatical phrase direction of clockwise","src/gr/network.tex authority paragraph deriving the parallel-branch loop equation","Render naturally as arah jarum jam"
HLA-A0107,2026-08-20,corrected_in_target,P3,source_typo,"The first equivalent-resistance answer duplicates the verb in is then is","src/gr/network.tex authority answer to the equivalent-resistance exercise part a","Use a single natural predicate before the three current values"
HLA-A0108,2026-08-20,corrected_in_target,P3,source_typo,"The second equivalent-resistance answer contains the stray verb in gives that is","src/gr/network.tex authority answer to the equivalent-resistance exercise part b","Use a single natural predicate before the current values"
HLA-A0109,2026-08-20,corrected_in_target,P3,source_typo,"The third equivalent-resistance answer contains the stray verb in gives is","src/gr/network.tex authority answer to the equivalent-resistance exercise part c","Use a single natural predicate before the current values"
HLA-A0110,2026-08-20,corrected_in_target,P3,source_typo,"The street-network exercise duplicates can in the question what is the least amount of traffic flow that can we can allow","src/gr/network.tex authority final exercise part b","Render the question with a single modal verb"
HLA-A0111,2026-08-20,corrected_in_target,P2,source_consistency,"The traffic-circle answer discusses a five-minute period although the problem defines every traffic volume per ten minutes","src/gr/network.tex authority traffic-circle exercise answer part e","Use a ten-minute period"
HLA-A0112,2026-08-20,corrected_in_target,P1,source_math,"The final street-network answer says i4 and i7 must be positive but immediately permits i4=0 and later uses i4=0 in its example","src/gr/network.tex authority final exercise answer part a","State that i4 and i7 must be nonnegative"
HLA-A0113,2026-08-20,corrected_in_target,P3,source_typo,"The conditional example says increase in the auto industry's usage of steel instead of increase the industry's use or result in an increase","src/gr/leontief.tex authority introductory steel-auto interaction example","Render the intended causal statement naturally in Indonesian"
HLA-A0114,2026-08-20,corrected_in_target,P2,source_consistency,"The completed table discussion calls 21,268 the external value of autos although the surrounding model defines that figure as external demand","src/gr/leontief.tex authority paragraph completing the 1958 external-demand figures","Identify 21,268 consistently as external demand for autos"
HLA-A0115,2026-08-20,corrected_in_target,P3,source_typo,"The definition of s writes next years without the possessive apostrophe","src/gr/leontief.tex authority paragraph defining s and a","Render the time reference naturally as tahun depan"
HLA-A0116,2026-08-20,corrected_in_target,P3,source_typo,"The proportional-input explanation says the steel industry will produce s units out instead of s units of output","src/gr/leontief.tex authority derivation of next year's steel use by steel","State naturally that the industry produces s units of output"
HLA-A0117,2026-08-20,corrected_in_target,P2,source_consistency,"The first exercise answer says the answers are from Octave although all three transcripts and the accompanying text use Sage","src/gr/leontief.tex authority answer to the first exercise","Attribute the answers to Sage"
HLA-A0118,2026-08-20,corrected_in_target,P3,source_typo,"The 1947-system answer misspells initial as inital","src/gr/leontief.tex authority answer to the 1947 exercise part a","Render the phrase naturally as pemeriksaan awal"
HLA-A0119,2026-08-20,corrected_in_target,P2,source_consistency,"The 1947 conversion answer switches to 1948 dollars despite the table, question, and conversion all using 1947 dollars","src/gr/leontief.tex authority answer to the 1947 exercise part c","Use 1947 dollars consistently"
HLA-A0120,2026-08-20,corrected_in_target,P2,source_omission,"The 1947-model exercise asks how far its predictions differ from the 1958-model predictions, but the answer ends after converting the predictions and never states the requested comparison","src/gr/leontief.tex authority answer to the 1947 exercise part c","Add the determinate differences of about 6.55 billion and 0.40 billion dollars, or 25.5 percent and 1.3 percent"
HLA-A0121,2026-08-20,corrected_in_target,P1,source_math,"The final street-network answer states i1+25=i2+125, which simplifies to i1-i2=100 and contradicts the immediately displayed equation i1-i2=10 as well as the downstream row reduction and solution","src/gr/network.tex authority final exercise answer part a first flow-balance equation","Use the normalized equation i1-i2=10, consistently with the displayed system and its solution"
HLA-A0122,2026-08-20,corrected_in_target,P2,source_terminology,"The final exercise asks for rounding to two decimal places although its scientific-notation work retains two significant digits, including nonzero thousandths","src/gr/ppivot.tex authority final exercise part b","State the restriction as rounding to two digits"
HLA-A0123,2026-08-20,corrected_in_target,P1,source_code,"The elimination multiplier LEINV is set once to the reciprocal of the pivot and never includes the below-pivot coefficient A(I,COL), so the row operation cannot eliminate an arbitrary entry","src/gr/speed.tex authority FORTRAN fragment LEINV assignment","Move the assignment inside the I loop and use LEINV=A(I,COL)/A(ROW,COL)"
HLA-A0124,2026-08-20,corrected_in_target,P1,source_code,"The inner J loop starts at I rather than COL, skipping the pivot column and potentially other active columns, so it cannot zero A(I,COL)","src/gr/speed.tex authority FORTRAN fragment inner loop header","Start the J loop at COL"
HLA-A0125,2026-08-20,corrected_in_target,P1,source_code,"The right-hand-side update writes B(J) after the J loop, when J does not denote the current row and may be outside the declared array","src/gr/speed.tex authority FORTRAN fragment right-hand-side update","Update B(I), the right-hand-side entry for the current elimination row"
HLA-A0126,2026-08-20,corrected_in_target,P3,source_typo,"The shear illustration refers to the first vector as scalar v although every surrounding occurrence and the displayed size identity use vector v","src/det/det2.tex authority paragraph following figures ch4.34 and ch4.35","Restore the vector arrow on v"
HLA-A0127,2026-08-20,corrected_in_target,P1,source_math,"The third volume exercise answer says to take absolute values but reports -58 instead of the volume 58","src/det/det2.tex authority first recommended volume exercise answer part c","Report the volume as 58; retain the determinant -58 only in the calculation comment"
HLA-A0128,2026-08-20,corrected_in_target,P1,source_math,"Both orthogonality equations equate a scalar dot product to a three-dimensional zero vector","src/det/det2.tex authority triangle-in-R3 exercise answer orthogonality relations","Set each scalar dot product equal to scalar 0"
HLA-A0129,2026-08-20,corrected_in_target,P3,source_typo,"The geometric explanation reads 'this picture shows that the box formed by the three vectors,' leaving the sentence grammatically malformed","src/det/det2.tex authority final recommended exercise answer part a geometric explanation","State that the picture shows the box formed by the three vectors"
HLA-A0130,2026-08-20,corrected_in_target,P1,source_math,"The nondegeneracy assumption compares (x2,y3) with (x3,y3), but the two fixed points are (x2,y2) and (x3,y3)","src/det/det2.tex authority final recommended exercise answer part a","Compare (x2,y2) with (x3,y3)"
HLA-A0131,2026-08-20,corrected_in_target,P1,source_math,"Solving the displayed line equation for y swaps coordinate differences between numerators and denominators and names y3-y2=0 as the exceptional case","src/det/det2.tex authority final recommended exercise answer part a algebraic solution","Use y=x(y3-y2)/(x3-x2)+(x3y2-x2y3)/(x3-x2), with x3-x2=0 as the vertical-line case"
HLA-A0132,2026-08-20,corrected_in_target,P1,source_math,"The claimed general triangle-area formula omits absolute value and can therefore give a negative area when the vertex order is reversed","src/det/det2.tex authority final recommended exercise part b and its answer","Take one half of the absolute value of the displayed determinant"
HLA-A0133,2026-08-20,corrected_in_target,P2,source_terminology,"The R3 triangle-area solution calls the three-vector solid a parallelogram even though it takes the solid's volume","src/det/det2.tex authority triangle-in-R3 exercise answer","Call the three-dimensional solid a parallelepiped"
HLA-A0134,2026-08-20,corrected_in_target,P3,source_typo,"The composition exercise asks by what factor the composition 'will ... changes volumes,' with an ungrammatical finite verb after will","src/det/det2.tex authority composition-volume exercise prompt","Render the intended question with the base verb change"
HLA-A0135,2026-08-20,corrected_in_target,P1,source_math,"The orientation exercise answer says B=((0,1),(-1,0)) is the standard basis rotated by pi/4, although those vectors are its pi/2 rotation","src/det/det2.tex authority basis-orientation exercise answer part a","Use pi/2"
HLA-A0136,2026-08-20,corrected_in_target,P1,source_math,"The expansion proof represents t(s_i) but switches every coordinate of s_i to a j subscript on the right-hand side","src/det/det2.tex authority optional permutation-expansion exercise answer matrix-vector display","Use i consistently in s_(1,i) through s_(n,i)"
HLA-A0137,2026-08-21,corrected_in_target,P1,source_math,"In the exceptional ae-bd=0 branch of the three-by-three formula derivation, the answer repeatedly characterizes nonsingularity by zero factors and a zero determinant expression","src/det/det1.tex authority Exploration exercise answer for exer:ThreeByThreeDetForm","Require both remaining pivots and their product to be nonzero, and carry the nonzero relation through the determinant expression"
HLA-A0138,2026-08-21,corrected_in_target,P1,source_math,"The parameterized-system answer writes the elimination multiplier and final pivot as -1/k-1 and -1-(1/k-1), although the pivot being eliminated is k-1 and the stated product -k requires division by k-1","src/det/det1.tex authority Properties of Determinants exercise asking when the system has a unique solution","Use -1/(k-1) as the row-combination multiplier and -1-1/(k-1) as the final pivot"
HLA-A0139,2026-08-21,corrected_in_target,P2,source_math,"The multilinearity proof reconstructs w by adding w_1 rho_1 to w_i rho_1, where the starting row must instead be w_i beta just as the parallel reconstruction of v starts from v_i beta","src/det/det1.tex authority proof of lem:DetsMultilinear final reconstruction sentence","Replace w_i rho_1 with w_i beta"
HLA-A0140,2026-08-21,corrected_in_target,P2,source_consistency,"The list of all four-permutations labels both its first and second groups phi(1)=1, although every permutation in the second group begins with 2","src/det/det1.tex authority permutation-expansion exercise listing all four-permutations","Label the second group phi(1)=2"
HLA-A0141,2026-08-21,corrected_in_target,P1,source_math,"The Vandermonde exercise says repeated x_i values imply that the interpolation system has no solution, but a singular system may instead have infinitely many solutions when the repeated abscissas have compatible ordinates","src/det/det1.tex authority Vandermonde-matrix exercise parenthetical conclusion","State that the system has no unique solution"
HLA-A0142,2026-08-21,corrected_in_target,P2,source_consistency,"The exercise is stated for T-rI but its three-by-three display and polynomial explanation switch the parameter from r to x","src/det/det1.tex authority exercise proving at most n real roots of det(T-rI)","Use r consistently in the display and polynomial factors"
HLA-A0143,2026-08-21,corrected_in_target,P1,source_math,"The Pascal-triangle determinant proof claims D_n=D_(n+i), which does not reduce the determinant size and contradicts the immediately following chain D_n=D_(n-1)=...=D_2","src/det/det1.tex authority final permutation-expansion puzzle answer","Use D_n=D_(n-1)"
HLA-A0144,2026-08-21,corrected_in_target,P1,source_math,"The reverse-permutation answer derives its sign from n!-1 modulo four and consequently claims sign +1 for every n greater than four, contradicting its own n=6 table entry and the inversion count","src/det/det1.tex authority Determinants Exist exercise asking the signum of sequence (n,n-1,...,1)","Use n(n-1)/2 inversions, so the sign is +1 for n congruent to 0 or 1 mod 4 and -1 for n congruent to 2 or 3 mod 4"
HLA-A0145,2026-08-21,corrected_in_target,P3,source_omission,"The projection introduction says only 'This shows why' without identifying which figure explains the shadow-map description or completing the comparison","src/map/map6.tex authority opening paragraph after figures ch3.25 and ch3.26","Identify the first figure as the explanation and the second as the upward-shadow contrast"
HLA-A0146,2026-08-21,corrected_in_target,P1,source_proof,"The proof that every vector in R^n for n>1 is the projection of another vector treats v=0 as if the chosen line were span(v) and then divides by v dot v","src/map/map6.tex authority first-subsection exercise asking whether every vector is a projection","Handle v=0 separately with line span(e1) and vector e2; use the displayed division only for v nonzero"
HLA-A0147,2026-08-21,corrected_in_target,P1,source_math,"After differentiating the squared distance, the displayed critical-point equation drops the factor 2 from v1*s1+v2*s2 even though the resulting value of c assumes that factor","src/map/map6.tex authority calculus exercise deriving the nearest point on a line","Use c(2s1^2+2s2^2)-2(v1s1+v2s2)=0"
HLA-A0148,2026-08-21,corrected_in_target,P2,source_proof,"The second-derivative argument requires both direction-vector components to be nonzero and calls a zero component trivial, although strict positivity fails only when both components are zero","src/map/map6.tex authority calculus exercise answer after the second derivative","Require that s1 and s2 are not both zero"
HLA-A0149,2026-08-21,corrected_in_target,P2,source_proof,"Both nearest-point projection answers invoke the Triangle Inequality to infer that a right triangle's hypotenuse is at least as long as a leg; that lower bound follows from Pythagoras, not the Triangle Inequality","src/map/map6.tex authority answers to exer:ProjMinimizesDist and exer:ProjMinimizesDistSubspace","Invoke the Pythagorean Theorem in both answers"
HLA-A0150,2026-08-21,corrected_in_target,P3,source_notation,"The Gram-Schmidt theorem's basis sequence omits the comma between the ellipsis and its final vector","src/map/map6.tex authority statement of th:GramSchmidt","Write sequence(beta_1,...,beta_k) with the final comma"
HLA-A0151,2026-08-21,corrected_in_target,P1,source_notation,"A displayed orthonormal basis concatenates its second and third column vectors without a separating comma","src/map/map6.tex authority R^3 Gram-Schmidt exercise answer part b","Insert the missing comma between the second and third vectors"
HLA-A0152,2026-08-21,corrected_in_target,P2,source_notation,"The exercise on projecting along an orthogonal set repeatedly switches the last basis vector from kappa_k or kappa_2 to unrelated v_k or v_2 notation","src/map/map6.tex authority orthogonal-set exercise prompt and answer","Use kappa_k and kappa_2 consistently in all four projection expressions"
HLA-A0153,2026-08-21,corrected_in_target,P2,source_proof,"The closest-vector argument says every alternative hypotenuse is strictly longer and then equates the Pythagorean Theorem with the Triangle Inequality; equality occurs at the projected vector and the two theorems are distinct","src/map/map6.tex authority orthogonal-set exercise answer part c","Say at least as long and invoke the Pythagorean Theorem without the false equivalence"
HLA-A0154,2026-08-21,corrected_in_target,P2,source_notation,"The answer using the orthogonal basis K labels both projection lines with beta_1 and beta_2, notation belonging to the preceding nonorthogonal basis B","src/map/map6.tex authority answer to exer:OrthoRepEasy part b","Use kappa_1 and kappa_2 for the basis K projection spans"
HLA-A0155,2026-08-21,corrected_in_target,P2,source_notation,"The general Gram-Schmidt induction display drops the vector arrow from beta_(i+1) in every projection and dot-product occurrence","src/map/map6.tex authority answer to exer:GramSchmidt general inductive step","Restore the vector arrow on all six beta_(i+1) occurrences"
HLA-A0156,2026-08-21,corrected_in_target,P1,source_proof,"The lemma establishing that orthogonal projection onto M is well-defined first calls M-perp the null space of the orthogonal projection map whose existence the same lemma is being used to justify","src/map/map6.tex authority proof of le:OrthoProjWellDefd opening paragraph","Prove the subspace property directly from zero-vector membership and closure under linear combinations"
HLA-A0157,2026-08-21,corrected_in_target,P1,source_notation,"Four exercise-answer displays omit an equality sign: the definition of B_N, a set description of M-perp, a projection matrix-vector product, and a null-space set description","src/map/map6.tex authority final-subsection exercise answers for projection along a subspace, orthogonal complements, three projection methods, and the Fundamental Theorem exercise","Insert the missing equality sign at each of the four exact display boundaries"
HLA-A0158,2026-08-21,corrected_in_target,P1,source_math,"For the same subspace S=span((0,2,0),(1,-1,1)), the next exercise changes both off-diagonal projection-matrix signs and falsely concludes that (1,2,-1) is fixed","src/map/map6.tex authority answer to the exercise following the first orthogonal-projection-into-S exercise","Reuse the prior matrix with positive 1/2 off-diagonal entries and obtain projection (0,2,0)"
HLA-A0159,2026-08-21,corrected_in_target,P1,source_math,"The proof that perpendicularity to a set implies perpendicularity to its span writes c_n dot w_n inside a dot product, treating a scalar as though it were a vector","src/map/map6.tex authority answer to exer:PerpOnBasisImplPerp","Use scalar multiplication c_n w_n"
HLA-A0160,2026-08-21,corrected_in_target,P1,source_math,"The orthonormal-basis projection exercise indexes a basis of an arbitrary subspace M by n and sums through n, which would force M to equal all of R^n instead of allowing dimension k","src/map/map6.tex authority final-subsection exercise following the trivial-projection questions","Index the subspace basis and all projection terms through k"
HLA-A0161,2026-08-21,corrected_in_target,P2,source_answer,"The R^n-to-R generalization states only that the transposed row vector h belongs to nullspace(f)-perp, omitting the requested equality with its span","src/map/map6.tex authority Fundamental Theorem exercise answer part b","State nullspace(f)-perp=span({h})"
HLA-A0162,2026-08-21,corrected_in_target,P2,source_structure,"The four-part projection exercise uses ordinary item commands for parts d and e inside an exparts environment, unlike parts a through c and the five-part answer","src/map/map6.tex authority final idempotent-projection exercise prompt","Use partsitem for the last two parts so all five parts share the intended topology"
HLA-A0163,2026-08-21,corrected_in_target,P1,source_math,"The appendix gives an arbitrary composite integer as though every nonprime integer had the displayed factorization","src/appen/appen.tex authority discussion of prime and composite integers","Use the valid composite witness 6=2 times 3 without asserting one fixed factorization for every composite integer"
HLA-A0164,2026-08-21,corrected_in_target,P1,source_math,"The equality-relation example lists (-1,1) in the class determined by equal coordinates","src/appen/appen.tex authority equivalence-relation example","Replace (-1,1) with (-1,-1)"
HLA-A0165,2026-08-21,corrected_in_target,P2,source_definition,"The partition definition quantifies an undefined set S and omits S_0 from the displayed union","src/appen/appen.tex authority definition of partition","Quantify the ambient set Omega and include S_0 through S_n in the union"
HLA-A0166,2026-08-21,corrected_in_target,P1,source_notation,"A displayed column vector in the matrix-representation chapter has an unmatched opening parenthesis inside colvec","src/map/map3.tex authority matrix-representation example near the former line 2313 boundary","Restore the intended column vector (1/2,1/2)"
HLA-A0167,2026-08-21,corrected_in_target,P2,source_notation,"A representation vector is labeled with the pair of bases B,D although the represented vector belongs to the domain space","src/map/map3.tex authority null-space and rank discussion","Represent the domain vector with respect to B"
HLA-A0168,2026-08-21,corrected_in_target,P1,source_math,"For the equation x+2y=0 the displayed null-space generator is (-1/2,1), which does not satisfy the equation","src/map/map3.tex authority null-space worked example","Use the generator (-2,1)"
HLA-A0169,2026-08-21,corrected_in_target,P2,source_notation,"The nullity proof assigns the representation map Rep_D to V and later switches the map name from g to G","src/map/map3.tex authority proof relating a map and its representing matrix","Use Rep_B on V and the map name g consistently"
HLA-A0170,2026-08-21,corrected_in_target,P2,source_math,"The functional represented by a dot product calls the n-by-1 coordinate vector itself a row matrix","src/map/map3.tex authority discussion of a linear functional as matrix multiplication","State that the transpose of the coordinate column is the 1-by-n row matrix"
HLA-A0171,2026-08-21,corrected_in_target,P1,source_math,"The shear matrix [[1,3],[0,1]] is described as shifting parallel to the y-axis by distance from the y-axis","src/map/map3.tex authority final shear exercise answer","Describe the actual x-direction shear by three times the distance from the x-axis"
HLA-A0172,2026-08-21,corrected_in_target,P3,source_typo,"The adjugate chapter contains the ungrammatical phrase 'makes a this expansion'","src/det/det3.tex authority Laplace-expansion discussion","Remove the duplicated article"
HLA-A0173,2026-08-21,corrected_in_target,P2,source_explanation,"The cofactor argument says row-k cofactors are weighted by row-k entries while the displayed determinant replaces row k by row i","src/det/det3.tex authority proof of the adjugate identity","State that row-k cofactors are weighted by row-i entries"
HLA-A0174,2026-08-21,corrected_in_target,P2,source_logic,"The inverse discussion repeats the same condition instead of stating the equivalence between invertibility and nonzero determinant","src/det/det3.tex authority inverse criterion","State the intended if-and-only-if condition det(T) not equal to zero"
HLA-A0175,2026-08-21,corrected_in_target,P3,source_typo,"The adjugate discussion says a procedure is 'used for by-hand' computation","src/det/det3.tex authority computational discussion","Use the grammatical phrase 'used for computation by hand'"
HLA-A0176,2026-08-21,corrected_in_target,P1,source_math,"The generic two-by-two inverse scalar is written so multiplication and subtraction fall outside the denominator","src/det/det3.tex authority exercise answer for a symbolic two-by-two inverse","Use 1/(t11*t22-t12*t21)"
HLA-A0177,2026-08-21,corrected_in_target,P2,source_explanation,"A minor calculation attributes the positive cofactor sign to the minor determinant rather than to (-1)^(2i)","src/det/det3.tex authority diagonal-cofactor explanation","Separate the minor determinant from the cofactor sign"
HLA-A0178,2026-08-21,corrected_in_target,P1,source_definition,"The upper-triangular definition calls entries with i greater than j 'above' the diagonal","src/det/det3.tex authority upper-triangular definition","Call i greater than j the entries below the diagonal"
HLA-A0179,2026-08-21,corrected_in_target,P1,source_proof,"The proof about the adjugate of a triangular matrix reverses the triangular indices, omits an index-shift case, and uses the wrong diagonal witness","src/det/det3.tex authority proof that the adjugate of an upper-triangular matrix is upper triangular","Use the correct a<b zero region and the minor entry inherited from m_(a+1,a)"
HLA-A0180,2026-08-21,corrected_in_target,P2,source_notation,"The same proof confuses an i,j minor with an i,j cofactor and leaves the sign relation incomplete","src/det/det3.tex authority adjugate-minor proof","Distinguish M_(i,j) from the cofactor T_(i,j) and include the (-1)^(i+j) factor"
HLA-A0181,2026-08-21,corrected_in_target,P1,source_math,"The column expansion for T transpose uses column-i coefficients where row-i coefficients are required and equates a determinant directly to a cofactor without its sign","src/det/det3.tex authority proof of the transpose-adjugate relation","Use t_(i,1) through t_(i,n) and the correct transposed cofactor identity"
HLA-A0182,2026-08-21,corrected_in_target,P2,source_notation,"A determinant recurrence defines D_n but a later transformed display switches to F_n","src/det/det3.tex authority final recurrence exercise","Use D_n consistently"
HLA-A0183,2026-08-21,corrected_in_target,P2,source_code,"A Python example contains a malformed string literal","src/lab/sageintro.tex authority introductory Python material","Repair the string so the example is executable under Python 3"
HLA-A0184,2026-08-21,corrected_in_target,P2,source_code,"A Python 3 list example adds range objects directly, an operation that raises TypeError","src/lab/sageintro.tex authority discussion of range","Convert both ranges to lists before concatenation"
HLA-A0185,2026-08-21,corrected_in_target,P2,source_code,"An example places a print after an unconditional return so the print is unreachable","src/lab/sageintro.tex authority function example","Move the intended output before return or remove the unreachable statement"
HLA-A0186,2026-08-21,corrected_in_target,P3,source_code,"The Gauss lab calls a matrix method by a misspelled name","src/lab/gauss.tex authority Sage matrix-method example","Use the valid Sage method name"
HLA-A0187,2026-08-21,corrected_in_target,P1,source_math,"A displayed linear equation has a sign inconsistent with its matrix row and resulting solution","src/lab/gauss.tex authority worked system","Restore the sign represented by the matrix"
HLA-A0188,2026-08-21,corrected_in_target,P2,source_explanation,"The description of an elementary row operation names the wrong source or destination row","src/lab/gauss.tex authority row-operation discussion","Describe the row dependence performed by the shown Sage command"
HLA-A0189,2026-08-21,corrected_in_target,P2,source_code,"An eigenvalue lab example omits required Sage prompts or the object receiving a method call","src/lab/eigen.tex authority command-line examples","Restore the complete executable commands"
HLA-A0190,2026-08-21,corrected_in_target,P1,source_math,"The eigenvalue discussion treats a negative eigenvalue as though it preserved vector direction","src/lab/eigen.tex authority geometric interpretation of eigenvalues","State that a negative eigenvalue reverses direction while scaling magnitude"
HLA-A0191,2026-08-21,corrected_in_target,P2,source_code,"A command-line example invokes a plotting or matrix method on the wrong target","src/lab/eigen.tex authority Sage examples","Apply the method to the object created in the example"
HLA-A0192,2026-08-21,corrected_in_target,P2,source_code,"Vector-space examples mix exact and floating Sage base rings without explaining or preserving the intended computation","src/lab/spaces.tex authority Sage examples","Use the intended RDF or exact ring consistently within each example"
HLA-A0193,2026-08-21,corrected_in_target,P1,source_math,"A vector-space worked example displays the wrong third vector","src/lab/spaces.tex authority worked spanning example","Display the vector actually used by the calculation"
HLA-A0194,2026-08-21,corrected_in_target,P2,source_explanation,"A timing experiment loops over one thousand pairs of random matrices but the prose says one thousand matrices","src/lab/matrices.tex authority timing experiment","Describe the one thousand matrix pairs actually tested"
HLA-A0195,2026-08-21,corrected_in_target,P2,source_code,"The final timing listing mixes tabs and spaces and uses Python-2 print syntax","src/lab/matrices.tex authority final code listing","Use consistent indentation and Python-3 print syntax"
HLA-A0196,2026-08-21,corrected_in_target,P2,source_code,"A geometry example invokes the wrong shear helper or malformed command","src/lab/geometry.tex authority Sage geometry examples","Use the helper and arguments defined by the surrounding example"
HLA-A0197,2026-08-21,corrected_in_target,P1,source_math,"A shear is described in the direction opposite to the matrix action","src/lab/geometry.tex authority shear discussion","Describe the actual direction of the displayed transformation"
HLA-A0198,2026-08-21,corrected_in_target,P2,source_code,"A plotting example supplies an incorrect clipping or axis range","src/lab/geometry.tex authority plotting example","Use the range that contains the transformed figure"
HLA-A0199,2026-08-21,corrected_in_target,P1,source_math,"The first stretch example assigns parameters inconsistent with the displayed transformation","src/lab/svd.tex authority opening singular-value example","Use a=2 and d=1"
HLA-A0200,2026-08-21,corrected_in_target,P1,source_math,"The rectangular-SVD discussion gives index bounds that exceed the available singular vectors","src/lab/svd.tex authority rectangular singular-value decomposition","Bound the singular terms by the smaller matrix dimension"
HLA-A0201,2026-08-21,corrected_in_target,P1,source_math,"The SVD derivation reverses the left and right singular bases and then multiplies using a row-vector convention contrary to the chapter","src/lab/svd.tex authority derivation of the singular-value decomposition","Restore the left/right bases and column-vector convention"
HLA-A0202,2026-08-21,corrected_in_target,P2,source_indexing,"The singular values are indexed from sigma_0 through sigma_n despite the surrounding one-based notation","src/lab/svd.tex authority singular-value list","Index sigma_1 through sigma_n"
HLA-A0203,2026-08-21,corrected_in_target,P2,source_notation,"The SVD chapter switches the transformation name from t to f in one formula","src/lab/svd.tex authority SVD mapping formula","Use t consistently"
HLA-A0204,2026-08-21,corrected_in_target,P2,source_geometry,"The tangent objects to an affine image are called linear subspaces without distinguishing the parallel translated hyperplanes","src/lab/svd.tex authority geometric SVD discussion","Distinguish affine tangent hyperplanes from their parallel linear subspaces"
HLA-A0205,2026-08-21,corrected_in_target,P2,source_terminology,"Real orthogonal matrices are called unitary in a real-matrix discussion","src/lab/svd.tex authority real SVD discussion","Use orthogonal and state that positive singular values count the rank"
HLA-A0206,2026-08-21,corrected_in_target,P1,source_notation,"Four displayed SVD formulas use V where V transpose is required","src/lab/svd.tex authority SVD reconstruction formulas","Use V transpose in all four products"
HLA-A0207,2026-08-21,corrected_in_target,P2,source_notation,"A singular-value condition omits the nonnegativity relation","src/lab/svd.tex authority singular-value definition","Restore sigma_i greater than or equal to zero"
HLA-A0208,2026-08-21,corrected_in_target,P1,source_arithmetic,"The compression example reports 5,050 entries and 2 percent where the displayed dimensions imply 50,050 entries and 20 percent","src/lab/svd.tex authority storage calculation","Use 50,050 and 20 percent"
HLA-A0209,2026-08-21,corrected_in_target,P1,source_arithmetic,"The Great Wave compression example states roughly 2 percent storage although its displayed dimensions imply about 16 percent","src/lab/svd.tex authority image-compression example","Report approximately 16 percent"
HLA-A0210,2026-08-21,corrected_in_target,P3,source_name,"The artwork title names Fiji instead of Mount Fuji","src/lab/svd.tex authority Great Wave caption","Use Fuji"
HLA-A0211,2026-08-21,corrected_in_target,P2,source_code,"The plot_circle_action description gives the wrong return value and reverses the meaning of +=","src/lab/svd.tex authority plotting helper discussion","Describe the returned graphics object and the actual augmentation direction"
HLA-A0212,2026-08-21,corrected_in_target,P2,source_units,"DOT_SIZE and the singular-value cutoff are described with incorrect units or index semantics","src/lab/svd.tex authority image and plotting code discussion","State the actual point-size units and cutoff-index meaning"
HLA-A0213,2026-08-21,corrected_in_target,P2,source_code,"The image-compression script assigns PIL image size to rows,cols although PIL returns width,height","src/lab/img_squeeze.sage authority image loading","Assign cols,rows from img.size"
HLA-A0214,2026-08-21,corrected_in_target,P2,source_code,"The Python-3 image-compression script retains a Python-2 print statement","src/lab/img_squeeze.sage authority diagnostic output","Use Python-3 print syntax"
HLA-A0215,2026-08-21,corrected_in_target,P2,source_code,"The image-compression script mixes tabs and spaces in nested loops","src/lab/img_squeeze.sage authority reconstruction loops","Use consistent indentation"
HLA-A0216,2026-08-21,corrected_in_target,P1,source_code,"At percent=1 the diagnostic indexes Sigma at dim_bound, one past the final valid index","src/lab/img_squeeze.sage authority cutoff diagnostic","Handle the full-rank cutoff without indexing past the matrix"
HLA-A0217,2026-08-21,corrected_in_target,P1,source_code,"Reconstructed RGB channels are passed to putpixel without clamping and can fall outside 0 through 255","src/lab/img_squeeze.sage authority image reconstruction","Clamp each reconstructed channel to the valid byte range"
HLA-A0218,2026-08-21,corrected_in_target,P2,source_code,"The plot_square_action docstring says that the function acts on half of a unit circle although its code and name act on a unit square","src/lab/plot_action.sage authority plot_square_action docstring","Describe the actual unit-square action"
HLA-A0219,2026-08-21,corrected_in_target,P3,source_code,"The point_grid docstring says grix instead of grid","src/lab/plot_action.sage authority point_grid docstring","Correct the typo while translating the docstring"
HLA-A0220,2026-08-21,corrected_in_target,P2,source_code,"The plot_point_action docstring documents pt_list although the actual parameter is pts","src/lab/plot_action.sage authority plot_point_action signature and docstring","Document the real pts parameter"
HLA-A0221,2026-08-21,corrected_in_target,P3,source_code,"The before_after_list docstring says showning instead of showing","src/lab/plot_action.sage authority before_after_list docstring","Correct the typo while translating the docstring"
HLA-A0222,2026-08-21,corrected_in_target,P2,source_notation,"An inline-math delimiter is malformed as backslash-space-parenthesis","src/map/map4.tex authority near the finite-dimensional isomorphism discussion","Restore the closing inline-math delimiter"
HLA-A0223,2026-08-21,corrected_in_target,P1,source_answer,"The displayed right-hand results for the inverses of 2I, 3I, and 5I carry an extra inverse exponent and therefore state the inverse of the intended answer","src/map/map4.tex authority scalar-matrix inverse exercise answer","Remove the erroneous inverse exponents from the result matrices"
HLA-A0224,2026-08-21,corrected_in_target,P2,source_notation,"A displayed scalar-matrix inverse answer contains a malformed _+ token","src/map/map4.tex authority scalar-matrix inverse exercise answer","Restore the intended plus sign"
HLA-A0225,2026-08-21,corrected_in_target,P1,source_math,"A Gauss--Jordan row multiplier is written a/ad-bc and therefore parses as a/d-bc rather than a divided by ad-bc","src/map/map4.tex authority inverse-matrix reduction","Add parentheses around the determinant denominator"
HLA-A0226,2026-08-21,corrected_in_target,P1,source_answer,"A left-inverse exercise declares a 2x2 unknown matrix with four unknowns although a left inverse of the displayed 2x3 matrix must be 3x2","src/map/map4.tex authority left-inverse example","Use a 3x2 unknown matrix with six variables"
HLA-A0227,2026-08-21,corrected_in_target,P1,source_answer,"An elementary-matrix answer says that the displayed matrix swaps rows one and three although it visibly swaps rows one and two","src/map/map4.tex authority elementary-matrix exercise answer","Make the prose agree with the displayed row-one/row-two swap"
HLA-A0228,2026-08-21,corrected_in_target,P1,source_formula,"A matrix-product entry formula ends with g_{1,r}h_{r,1} instead of the indexed term g_{i,r}h_{r,j}","src/map/map4.tex authority matrix-multiplication exercise","Restore the row i and column j indices in the final summand"
HLA-A0229,2026-08-21,corrected_in_target,P1,source_formula,"The displayed right operand in the Winograd 2x2 multiplication formula places B and C in positions inconsistent with every stated output formula","src/map/map4.tex authority Winograd exercise","Display the right operand as rows A,C and B,D so the formulas are correct"
HLA-A0230,2026-08-21,corrected_in_target,P1,source_definition,"A claimed isomorphism is typed from R2 onto R3 although its image is only the xy-plane and the proof alternates between two map names","src/map/map1.tex authority natural-isomorphism example","Declare the codomain as the xy-plane subspace and use iota consistently"
HLA-A0231,2026-08-21,corrected_in_target,P1,source_formula,"A displayed linear-dependence relation has malformed coefficient/vector subscripts and delimiters","src/map/map1.tex authority dependence calculation","Restore the intended indexed linear combination"
HLA-A0232,2026-08-21,corrected_in_target,P1,source_formula,"Entries in a reflection matrix omit parentheses around the common denominator 1+k^2","src/map/map1.tex authority reflection calculation","Parenthesize every denominator so the matrix is an involution with determinant -1"
HLA-A0233,2026-08-21,corrected_in_target,P1,source_logic,"The 2x2 automorphism criterion says the second column is not a multiple of the first iff the determinant is nonzero, which fails when the first column is zero","src/map/map1.tex authority 2x2 automorphism discussion","State the equivalent condition as linear independence of the two columns"
HLA-A0234,2026-08-21,corrected_in_target,P2,source_notation,"A vector family is written with n inside the vector accent rather than as the vector's subscript","src/map/map1.tex authority indexed-vector passage","Use the established vector-subscript notation consistently"
HLA-A0235,2026-08-21,corrected_in_target,P1,source_formula,"The final line of a representation-map calculation drops the scalar coefficients c and d","src/map/map1.tex authority coordinate representation calculation","Retain c and d in the final linear combination"
HLA-A0236,2026-08-21,corrected_in_target,P1,source_example,"An external-direct-sum worked expansion gives the last two basis vectors polynomial component 1, making its displayed polynomial component sum to 12 instead of 3","src/map/map1.tex authority external direct-sum example","Use zero polynomial components for the two W-basis vectors"
HLA-A0237,2026-08-21,corrected_in_target,P1,source_proof,"The injectivity proof for the direct-sum map begins from a malformed equality that does not apply the map to both ordered pairs","src/map/map1.tex authority direct-sum isomorphism proof","State equality of the two mapped ordered pairs before using injectivity"
HLA-A0238,2026-08-21,corrected_in_target,P2,source_notation,"A zero vector in W is written as the literal token 0_W rather than with the book's zero-vector macro","src/map/map1.tex authority exercise answer","Use the established zero-vector notation"
HLA-A0239,2026-08-21,corrected_in_target,P1,source_answer,"An answer says a vector space can never be isomorphic to a proper subspace, which is false in infinite dimension","src/map/map1.tex authority isomorphism exercise answer","Give the polynomial-space counterexample and restrict the impossibility result to finite dimension"
HLA-A0240,2026-08-21,corrected_in_target,P2,source_notation,"A displayed linearity calculation contains a duplicated plus sign","src/map/map1.tex authority final exercise calculation","Remove the duplicate operator"
HLA-A0241,2026-08-21,corrected_in_target,P1,source_geometry,"The clockwise and counterclockwise descriptions for the two orthogonal-column orientations are reversed","src/map/erlang.tex authority rigid-motion orientation discussion","Match each orientation description to the displayed column pair"
HLA-A0242,2026-08-21,corrected_in_target,P1,source_definition,"The text says every reflection followed by any nontrivial translation is a glide reflection, which fails for a translation perpendicular to the axis","src/map/erlang.tex authority glide-reflection definition","Require the nontrivial translation to be parallel to the reflection axis"
HLA-A0243,2026-08-21,corrected_in_target,P2,source_attribution,"The equality d12+d23=d13 for collinear ordered points is twice attributed to the Pythagorean theorem","src/map/erlang.tex authority distance-preservation proof","Attribute the equality to the equality case of the triangle inequality"
HLA-A0244,2026-08-21,corrected_in_target,P2,source_hypothesis,"The Desargues statement and proof omit the nondegenerate general-position assumptions required for the frame normalization and uniquely defined side intersections","src/det/projplane.tex authority Desargues theorem","State the general-position assumptions used by the proof"
HLA-A0245,2026-08-21,corrected_in_target,P2,source_hypothesis,"The Pappus prompt and answer omit distinctness and general-position assumptions required for its projective-frame normalization","src/det/projplane.tex authority Pappus exercise","State the nondegenerate assumptions used by the calculation"
HLA-A0246,2026-08-21,corrected_in_target,P1,source_computation,"A displayed row operation yields the row [0,9,1] but the authority prints [0,8,0]","src/det/chio.tex authority determinant-code derivation","Use the row actually produced by the displayed operation"
HLA-A0247,2026-08-21,corrected_in_target,P1,source_code,"The determinant listing has a Python-3 shebang but retains Python-2 print syntax","src/det/chio.tex authority executable listing","Use Python-3 print syntax and invoke python3 in the sample"
HLA-A0248,2026-08-21,corrected_in_target,P1,source_code,"The Python-3 determinant listing uses true division in an exact integer-preserving elimination algorithm","src/det/chio.tex authority Bareiss-style listing","Use integer floor division so integral intermediates remain exact"
HLA-A0249,2026-08-21,corrected_in_target,P1,source_formula,"The dimension of the zero-sum magic-square space is stated as n^2-n although the proved rank gives n^2-2n","src/map/magicsqs.tex authority dimension conclusion","Use n^2-2n, consistent with the rank computation"
HLA-A0250,2026-08-21,corrected_in_target,P1,source_computation,"A displayed reduction labels a plain row swap with an extraneous negative sign","src/map/magicsqs.tex authority row reduction","Label the operation as the row swap shown by the next matrix"
HLA-A0251,2026-08-21,corrected_in_target,P1,source_computation,"A later reduction uses the wrong sign in rho_2 plus rho_3 and prints an incompatible row entry, making the final augmented system inconsistent for arbitrary s","src/map/magicsqs.tex authority row reduction","Use rho_2+rho_3 and the row beginning 0,0,-1,1,0"
HLA-A0252,2026-08-21,corrected_in_target,P2,source_exposition,"A nonendpoint-column range is described as strictly between columns n+1 and 2n-1, which is empty when n=3","src/map/magicsqs.tex authority rank argument","State the intended range from column n+2 through column 2n-1"
HLA-A0253,2026-08-21,open,P3,source_comment,"A dormant proof comment gives the magic-square and semimagic-square dimension relation in the wrong direction","src/map/magicsqs.tex authority inactive proof notes","Preserved byte-for-byte because the defect is non-rendered; correct if the dormant proof is reactivated"
HLA-A0254,2026-08-21,open,P3,source_comment,"A dormant kernel argument names the magic-square space as its domain although the claimed kernel requires the semimagic-square zero-sum space","src/map/magicsqs.tex authority inactive proof notes","Preserved byte-for-byte because the defect is non-rendered"
HLA-A0255,2026-08-21,open,P3,source_comment,"A dormant n=3 example computes the second diagonal statistic as -1 although the described matrix gives +1","src/map/magicsqs.tex authority inactive proof notes","Preserved byte-for-byte because the defect is non-rendered"
HLA-A0256,2026-08-21,open,P3,source_comment,"A dormant proof comment uses a malformed semimagic-square subscript where the zero-sum space is intended","src/map/magicsqs.tex authority inactive proof notes","Preserved byte-for-byte because the defect is non-rendered"
HLA-A0257,2026-08-21,open,P3,source_comment,"A dormant expansion writes every final-column entry using row 1 rather than the corresponding row i","src/map/magicsqs.tex authority inactive proof notes","Preserved byte-for-byte because the defect is non-rendered"
HLA-A0258,2026-08-21,open,P3,source_comment,"A dormant proof calls the sum of the final column the final-row sum and then writes the wrong entries","src/map/magicsqs.tex authority inactive proof notes","Preserved byte-for-byte because the defect is non-rendered"
HLA-A0259,2026-08-21,open,P3,source_comment,"Dormant formulas twice omit the zero-sum qualifier from the semimagic-square domain","src/map/magicsqs.tex authority inactive proof notes","Preserved byte-for-byte because the defect is non-rendered"
HLA-A0260,2026-08-21,open,P3,source_comment,"A dormant dimension calculation simplifies (n-1)^2-1 incorrectly to n^2-n","src/map/magicsqs.tex authority inactive proof notes","Preserved byte-for-byte because the defect is non-rendered"
HLA-A0261,2026-08-21,corrected_in_target,P1,target_notation,"An Indonesian population-model answer wrote the word zero as an undefined bare math identifier instead of the zero-vector macro","src/jc/pops.tex target eigenvalue-1 answer","Restore the established zero-vector macro"
HLA-A0262,2026-08-21,corrected_in_target,P1,source_xref,"A Laplace-expansion proof refers to ex:ExpThreeFirstRow, a label that does not exist anywhere in the source","src/det/det3.tex authority Laplace proof exercise answer","Point to the preceding labeled first-row expansion example ex:ExpLaPlace"
HLA-A0263,2026-08-21,corrected_in_target,P1,target_navigation,"Localized chapter words leaked into generated topic-answer anchors while textbook links deliberately retained stable English anchor tokens, breaking 131 cross-PDF destinations","src/sty/bookjhconcrete.sty and src/sty/answerjh.sty topic exercise/answer anchor definitions","Construct answer targets from the same explicit Englishnumber-based stable key used by textbook links while keeping visible labels Indonesian"
HLA-A0264,2026-08-21,corrected_in_target,P1,source_math,"A cluster of vector-space answers has an incorrect polynomial basis member, a faulty direct-sum/intersection argument, swapped U/W names, wrong d_m bounds, RHS (1,3) printed incorrectly, a missing c_3=0 conclusion, and inconsistent subscripts","src/vs/vs3.tex authority exercise and answer blocks","Restore the verified basis member (-1+x,2x^2+x^3), correct the direct-sum logic, names, bounds, right-hand side, zero coefficient, and subscripts"
HLA-A0265,2026-08-21,corrected_in_target,P1,source_math,"Multiple linear-map derivations contain wrong variables or subscripts, a stray b, an incomplete d=0 case, confusion between h and the zero map or t, a_n divided by the wrong index, c_k instead of c_{k-1}, and a missing h(beta_i)","src/map/map2.tex authority examples, proofs, and answers","Restore the source-faithful variables and complete each displayed derivation; also use the correct corollary reference commands"
HLA-A0266,2026-08-21,corrected_in_target,P1,source_math,"Basis-change exercises repeat y_1 where y_2 is required, reverse an identity representation or basis order, use B_3 for B_2, omit separators, and give coefficient -1 where +1 is required","src/map/map5.tex authority basis-change exercises and answers","Correct the basis vectors, representations, basis names, separators, coefficient, and nested exercise item structure"
HLA-A0267,2026-08-21,corrected_in_target,P1,source_computation,"Least-squares examples and answers contain mutually inconsistent slopes, intercepts, predictions, error percentages, vector-b notation, and exact-versus-rounded results","src/map/lstsqs.tex authority worked calculations and exercises","Recompute the complete affected regression blocks from the displayed data, including slope 4259/1398 approximately 3.046495, and state exact and rounded results consistently"
HLA-A0268,2026-08-21,corrected_in_target,P1,source_math,"Homogeneous-geometry derivations confuse T_j with T_s and f with y, print incorrect factor matrices and row swaps, state RHC=B without the needed relation, omit an equals sign, misindex theta rotations, and evaluate an inverse derivative at the wrong argument","src/map/homogeom.tex authority derivations and examples","Restore the verified symbols, factorization, equality, rotation indices, and inverse-derivative evaluation at f(x)"
HLA-A0269,2026-08-21,corrected_in_target,P1,source_computation,"Markov-chain material gives a wrong boundary recurrence, inconsistent state labels, and numerous transition vectors, tables, and probabilities that do not follow from the displayed matrices","src/map/markov.tex authority examples and answers","Use p_4(n+1)=0.5p_3(n), repair state labels, recompute all affected transitions and probabilities, and restore nested answer structure"
HLA-A0270,2026-08-21,corrected_in_target,P1,source_theorem,"A Cramer's-rule criterion claims the singular system has a solution iff every replaced-column determinant is zero, which is false when rank is at most n-2","src/det/cramer.tex authority theorem and discussion","Add the required rank n-1 hypothesis and give the rank-at-most-n-2 counterexample"
HLA-A0271,2026-08-21,corrected_in_target,P1,source_code,"The determinant-speed topic omits its executable listing and contains rectangular row/column loop errors, Python-2 syntax, a wrong permutation sign, incorrect operation counts, and timing examples inconsistent with the code","src/det/detspeed.tex authority code and performance discussion","Restore an executable Python-3 listing, correct rectangular loops, sign and operation arithmetic, and recompute the timing examples"
HLA-A0272,2026-08-21,corrected_in_target,P1,source_geometry,"Computer-graphics projective cases interchange c=0 and c nonzero, omit cosine commands, fix a projective scale coordinate to 1, and place invariant coordinates incorrectly in two 4x4 rotation matrices","src/det/compgraphics.tex authority projective and rotation examples","Separate the projective cases correctly, restore cosine notation and free ell, and put invariant coordinates on the correct matrix diagonal"
HLA-A0273,2026-08-21,corrected_in_target,P1,source_math,"The eigenvalue chapter contains many incompatible coordinates, similarity identities, basis subscripts, scalar-identity terms, powers of D, eigenvector equations, conjugation order, characteristic-polynomial signs, complex-row signs, determinant delimiters, row-operation indices, and representation diagrams","src/jc/jc2.tex authority eigenvalue/eigenvector exposition and exercises","Apply the independently rederived formula, sign, basis, determinant, row-operation, and diagram corrections throughout the chapter"
HLA-A0274,2026-08-21,corrected_in_target,P1,source_math,"Generalized-eigenspace material uses C where the chain is over R, gives the wrong null chain, omits a matrix row terminator, uses the wrong beta_2 term and ambient dimension, and has an invalid generalized-nullspace independence proof","src/jc/jc3.tex authority generalized-eigenspace chapter","Restore the real-field chain, (0,q) null chain, matrix syntax, beta term, C^5 diagram where applicable, and a valid independence proof"
HLA-A0275,2026-08-21,corrected_in_target,P1,source_math,"Jordan-form derivations contain wrong degree-5 characteristic signs, shifted m_2 through m_6 indices, an incomplete m(x), incorrect lambda shifts, the wrong n-r-q basis count, invalid generalized-chain reasoning, further odd-degree sign errors, a t-4 eigenspace error, reversed similarity basis order, and a missing answer subpart","src/jc/jc4.tex authority Jordan-form exposition and answers","Restore the verified signs, indices, polynomial, chain count and proof, eigenspace, basis order, and complete answer structure"
HLA-A0276,2026-08-21,corrected_in_target,P1,source_iteration,"Power-method formulas normalize or multiply the wrong iterate, omit T from the Rayleigh numerator, and state inconsistent inverse-iteration equations","src/jc/powers.tex authority power-method topic","Use v_2=T w_1 and v_k=T w_{k-1}, the T v_k Rayleigh numerator, and the verified inverse-iteration equations"
HLA-A0277,2026-08-21,corrected_in_target,P1,source_computation,"Population-model examples print incorrect characteristic matrices and signs, eigenpairs, growth recurrences, and numerical conclusions","src/jc/pops.tex authority population-model topic","Recompute the characteristic data, eigenpairs, recurrences, and growth values from the displayed transition matrices"
HLA-A0278,2026-08-21,corrected_in_target,P1,source_computation,"A search-engine Markov example mislabels the p_4 and p_3 states, prints an incorrect iteration table, and duplicates alpha in the stochastic-column proof","src/jc/search.tex authority search-ranking topic","Repair the state labels and proof term and recompute the full iteration table"
HLA-A0279,2026-08-21,corrected_in_target,P1,source_math,"The recurrence chapter contains inconsistent F capitalization and a_1 through a_k indexing, malformed determinant and characteristic-polynomial notation, c_k and r_i^n errors, wrong Fibonacci root parentheses, recurrence indices, a missing 2x2 characteristic matrix, the wrong complex ambient dimension, and wrong Hanoi plus-one signs","src/jc/recur.tex authority recurrence exposition and answers","Normalize the sequence/index notation and restore the verified determinant, roots, matrix, ambient space, powers, recurrence indices, and Hanoi signs"
HLA-A0280,2026-08-21,corrected_in_target,P1,source_physics,"The coupled-oscillator topic has wrong second-derivative denominators, omega=sqrt(k/m), derivative signs, omega-squared terms, coupling denominator I, missing cosine commands, missing parentheses around epsilon/(2sqrt(mI)), amplitudes, and final normal-mode matrix","src/jc/wilber.tex authority coupled-oscillator derivation","Restore the dimensionally and algebraically consistent derivatives, frequencies, coupling, amplitudes, trigonometric notation, and normal-mode matrix"
HLA-A0281,2026-08-21,corrected_in_target,P1,source_proof,"Inner-product proofs and answers confuse v_1 with w_1, norm with absolute value, w with v, omit a plus sign and scalar absolute values, and assert a false definiteness claim over complex spaces","src/jc/innerproduct.tex authority inner-product chapter","Correct the indices, norms, variables, operator and scalar moduli, and add the complex-space counterexample"
HLA-A0282,2026-08-21,corrected_in_target,P1,source_math,"The n-by-n nonsingularity corollary writes the final entries of its n-component columns with m, and an intermediate target edit also changed the authority's correct d_1 through d_n prose bound to m","src/vs/vs3.tex authority and target proof of the nonsingularity equivalences","Use n for every final row and right-hand-side component and for the quantified d_1 through d_n choices"
HLA-A0283,2026-08-21,corrected_in_target,P1,source_answer,"Three odd-order Jordan-matrix answers give monic characteristic polynomials even though the book defines c(x)=det(T-xI), which has leading sign -1 in odd dimension","src/jc/jc4.tex characteristic/minimal-polynomial exercise parts c, d, and g","Prefix the three 3x3 characteristic-polynomial factorizations with a minus sign while leaving the monic minimal polynomials unchanged"
HLA-A0284,2026-08-21,corrected_in_target,P1,source_answer,"Three generic nilpotent or Jordan-block answers write monic characteristic polynomials despite the book's c(x)=det(T-xI) convention and then incorrectly call the monic minimal polynomial literally equal to c(x)","src/jc/jc4.tex generic differentiation, Jordan-block, and unit-upper-triangular answers","Use (-x)^(n+1), (lambda-x)^n, and (1-x)^(n+1) for c(x), and identify the corresponding monic minimal polynomials separately"
HLA-A0285,2026-08-21,corrected_in_target,P1,source_answer,"An answer needs distinct counterexamples to show that equal determinant and equal rank do not imply matrix similarity","src/jc/jc2.tex similarity-invariants exercise answer","Supply independently verified counterexamples for both proposed converse implications"
HLA-A0286,2026-08-21,corrected_in_target,P1,source_answer,"A diagonal-power answer leaves the exponent domain incomplete and omits the condition under which negative powers are defined","src/jc/jc2.tex diagonal-matrix powers exercise answer","State the exponent domain and that p<0 is permitted exactly when every diagonal entry d_i is nonzero"
HLA-A0287,2026-08-21,corrected_in_target,P1,source_proof,"A proposed nonsimilarity case argument does not establish a contradiction","src/jc/jc2.tex similarity exercise case analysis","Replace the invalid case with the verified first-column contradiction"
HLA-A0288,2026-08-21,corrected_in_target,P1,source_proof,"The inverse-map eigenvalue result proves only one direction and omits the converse","src/jc/jc2.tex eigenvalues of T inverse result","Complete the converse so the eigenvalue correspondence is an equivalence"
HLA-A0289,2026-08-21,corrected_in_target,P1,source_proof,"The similarity transformation's additivity and scalar-linearity proof ends with the wrong transformed expression t_P(T+S)","src/jc/jc2.tex similarity-transformation linearity proof","Carry both addition and scalar multiplication through the transformation with the correct operands"
HLA-A0290,2026-08-21,corrected_in_target,P1,source_answer,"An explicit factorization answer starts a new display with a bare equals sign and therefore omits the matrix T being factored","src/map/map4.tex elementary-matrix factorization answer","Restore T as the left-hand side of the product and localize the adjacent lemma label"
HLA-A0291,2026-08-21,corrected_in_target,P2,target_localization,"Twenty-six reader-visible chapter-number tokens retain English number words across the study schedule and four prose cross-references","src/pref/pref.tex; src/map/map1.tex; src/map/map2.tex; src/jc/jc4.tex","Translate only the visible chapter words to Satu through Lima while preserving Roman and Arabic suffixes and stable reference labels"
HLA-A0292,2026-08-21,corrected_in_target,P3,target_localization,"Seven rendered code comments and two matching hidden Sage-source comments remain in English","src/gr/ppivot.tex; src/jc/recur.tex; src/lab/geometry.tex; src/lab/maps.tex; src/lab/svd.tex","Translate the comments into concise Indonesian while retaining every code token and the quoted API term side"
HLA-A0293,2026-08-21,corrected_in_target,P2,target_localization,"Four reader-visible labels in two Wilberforce vector figures remain in English","src/jc/asy/wilber.asy labels for position, time, spring lengthens, and spring shortens","Use posisi, waktu, pegas memanjang, and pegas memendek in both the editable generator and staged recovered figures"
HLA-A0294,2026-08-21,corrected_in_target,P2,target_localization,"Referenced MetaPost figures retain English electrical-network, direction, automobile-lighting, political-party, and voter-count labels","src/gr/mp/ch1.mp active beginfig 35, 44, and 46; src/vs/mp/voting.mp active beginfig 1 and 2","Translate only the labels in figure blocks included by the reader while preserving SI units, proper place names, and stable mathematical abbreviations"
HLA-A0295,2026-08-21,open,P3,source_generator,"The same active beginfig(23) block appears twice and the second identical definition overwrites the first with identical output","src/map/mp/ch3.mp duplicate blocks feeding src/map/map5.tex map/mp/ch3.23","Preserve for this edition because reader output is identical; deduplicate the generator in a future upstream-compatible maintenance pass"
HLA-A0296,2026-08-21,corrected_in_target,P2,target_localization,"Nine additional referenced MetaPost figures retain reader-visible English geometry, projection, direction, probability, and path labels","src/det/mp/ch4.mp active beginfig 6, 7, 8, and 60; src/gr/mp/ch1.mp active beginfig 23; src/map/mp/ch3.mp active beginfig 32, 34, and 42; src/vs/mp/ch2.mp active beginfig 22","Translate only the visible labels into Indonesian while preserving symbols, coordinates, figure geometry, SI units, proper names, and inactive comments"
HLA-A0297,2026-08-21,corrected_in_target,P2,target_localization,"Two active Indonesian sentences retain the stray English words of and onto","src/map/map3.tex subspace-chain exercise; src/map/map4.tex two-sided-inverse discussion","Remove the stray connector and replace onto with surjektif without changing the mathematical statements"
HLA-A0298,2026-08-21,corrected_in_target,P2,source_code_output,"The displayed image-compression transcript reports the source image dimensions in the old swapped order even after the PIL width-height assignment is corrected","src/lab/svd.tex img_squeeze transcript; src/lab/img_squeeze.sage corrected dimension assignment","Report 922 rows and 1497 columns so the reader transcript matches the corrected executable code and the 1497-by-922 source image"
HLA-A0299,2026-08-21,corrected_in_target,P2,target_localization,"Two active reader sentences retain the English connector words to and In","src/map/map2.tex derivative image discussion; src/map/map6.tex citation sentence","Replace the connectors with ke and Dalam while preserving the formulas and citation"
HLA-A0300,2026-08-21,corrected_in_target,P1,source_answer_closure,"Two Input-Output Analysis exercises lack inline answers in the pinned source while the generated textbook still links to their nonexistent answer-book anchors","authority source src/gr/leontief.tex exercises 5-6; authority/official/jhanswer.pdf printed pages 54-56 (PDF pages 62-64); dead targets ans.One.V.0.5 and ans.One.V.0.6","Add transparently marked Indonesian-edition worked answers independently derived and exact-rationally verified; preserve exercise text and order; register target-supplied provenance"
HLA-A0301,2026-08-22,corrected_in_target,P1,build_reproducibility,"A mutable system-generated pdftex.map dropped scalable mappings between the textbook and answer-book processes, causing a microtype font-expansion failure and bitmap fallback","src/sty/bookjhconcrete.sty; tools/build_hefferon_id.py; failed jhanswer build at cover/symlist.tex:41","Load the five edition-used maps explicitly and fail-close 23 map, encoding, and Type 1 font dependencies by byte count and SHA-256 without mutating shared MiKTeX state"
HLA-A0302,2026-08-22,corrected_in_target,P1,build_reproducibility,"Two answer-only EPS graphics are implicitly converted to PDFs with wall-clock dates, XMP UUIDs, and trailer IDs, making otherwise identical answer-book builds differ","src/map/markov.tex learn5 and ws answer graphics; clean-build fingerprint comparison","Select the exact stable learn5.pdf and ws.pdf siblings already supplied in the pinned official source and bind their byte counts and SHA-256 values in focused tests"
HLA-A0303,2026-08-22,corrected_in_target,P1,target_reflow,"Indonesian reflow before the unbreakable Fields operation table over-stretches topic-section glue under flushbottom and places the Lapangan opener outside the page","src/vs/fields.tex before the Boolean-field operation table; final-build textbook PDF page 182","Insert a local flexible explicit page break before the table so the topic heading and opening paragraph remain inside the page without changing content"
HLA-A0304,2026-08-22,corrected_in_target,P2,target_reflow,"The inherited answer-topic override applies an empty page style to the active page, inconsistently suppressing running headers and folios and sometimes targeting the page before the topic heading","src/sty/answerjh.sty topic override; final-build answer PDF pages 306, 425, 427, and 429","Remove the local empty-page override and retain the answer book's global running furniture without changing pagination or mathematical content"
HLA-A0305,2026-08-22,corrected_in_target,P2,target_reflow,"Two short Octave sessions in the worked answers split across leaves even though each block fits intact on one page","src/map/markov.tex Octave sessions beginning M=[.787,...] and M50=M**50; final-build answer PDF pages 311-313","Wrap only those two listings in local full-width minipages so each moves as an intact readable block"
HLA-A0306,2026-08-22,corrected_in_target,P1,target_reflow,"A long inline set-builder description in the Indonesian textbook extends beyond the right trim and clips its final equation","src/gr/gr1.tex solution-set description after the first row-reduction example; matched-build textbook PDF page 28","Move the same set-builder content into a centered two-line gathered display so all three defining equations remain complete and readable"
HLA-A0307,2026-08-22,corrected_in_target,P1,target_reflow,"A long inline C assignment in the Indonesian computation-accuracy topic extends past the right trim and clips its final tokens","src/gr/ppivot.tex explanation of the innermost elimination loop; matched-build textbook PDF page 92","Move the identical assignment into a local breakable code listing introduced by the same explanatory sentence"
